                  epoch,             train/loss,  metrics/accuracy_top1,  metrics/accuracy_top5,               val/loss,                 lr/pg0,                 lr/pg1,                 lr/pg2
                      1,                 5.5092,                0.00847,                0.04661,                 5.4629,             0.00023333,             0.00023333,             0.00023333
                      2,                 4.9524,                0.02119,                0.10169,                  5.459,             0.00037801,             0.00037801,             0.00037801
                      3,                 4.3671,                0.08475,                0.16102,                 5.4484,             0.00042844,             0.00042844,             0.00042844
                      4,                 3.7845,                0.11017,                0.26271,                  5.435,             0.00028988,             0.00028988,             0.00028988
                      5,                 3.3764,                0.13559,                0.29237,                 5.4268,             0.00014851,             0.00014851,             0.00014851
